GROUP_KEY	baseline_mean_w1	corrected_mean_w1	baseline_top_hit_rate	corrected_top_hit_rate	baseline_entropy	corrected_entropy	delta_mean_w1	delta_top_hit_rate	delta_entropy
Africa | Rural | Primary or No Education	0.26033299375663926	0.2364202150825003	0.3055555555555556	0.3611111111111111	1.476694657323747	1.394653601760477	-0.023912778674138963	0.055555555555555525	-0.08204105556327002
Asia | Urban | Upper to Post Secondary	0.21737802491501163	0.1992766336068615	0.2777777777777778	0.3888888888888889	1.495279537828158	1.4299081883890283	-0.01810139130815014	0.1111111111111111	-0.0653713494391297
Europe | Rural | Lower Secondary	0.1977451323587897	0.1840815224777916	0.1388888888888889	0.2222222222222222	1.4943573178703622	1.42464898173598	-0.013663609880998101	0.08333333333333331	-0.06970833613438221
Europe | Urban | Tertiary	0.2231098854549574	0.2166196654739181	0.19444444444444445	0.3333333333333333	1.503793465181402	1.4502598571002392	-0.006490219981039325	0.13888888888888887	-0.05353360808116281
North America | Urban | Tertiary	0.23781223928895395	0.21941343959134713	0.3055555555555556	0.4166666666666667	1.489879590009947	1.4332558082380793	-0.018398799697606827	0.1111111111111111	-0.056623781771867776
South America | Urban | Lower Secondary	0.23707876070366593	0.21946454424950013	0.3055555555555556	0.3611111111111111	1.507021827584535	1.434918790123306	-0.017614216454165804	0.055555555555555525	-0.07210303746122904
