GROUP_KEY,q_mean_w1,q_top_hit,l_mean_w1,l_top_hit,delta_w1_l_minus_q
Europe | Rural | Lower Secondary,0.22901234567901232,0.2777777777777778,0.2540123456790123,0.3055555555555556,0.024999999999999994
North America | Urban | Tertiary,0.2350308641975309,0.3888888888888889,0.2577160493827161,0.2777777777777778,0.022685185185185197
Asia | Urban | Upper to Post Secondary,0.23549382716049377,0.4166666666666667,0.24012345679012348,0.16666666666666666,0.004629629629629706
Europe | Urban | Tertiary,0.2748456790123457,0.2222222222222222,0.2449074074074074,0.2777777777777778,-0.029938271604938282
Africa | Rural | Primary or No Education,0.2882716049382716,0.3055555555555556,0.28996913580246914,0.3055555555555556,0.0016975308641975495
South America | Urban | Lower Secondary,0.30570987654320986,0.2222222222222222,0.2470679012345679,0.3333333333333333,-0.05864197530864196
