GROUP_KEY	baseline_mean_w1	corrected_mean_w1	baseline_top_hit_rate	corrected_top_hit_rate	baseline_entropy	corrected_entropy	delta_mean_w1	delta_top_hit_rate	delta_entropy
Africa | Rural | Primary or No Education	0.2799878747795415	0.25690461386724295	0.25	0.3611111111111111	1.5122451025295578	1.4596201778003381	-0.023083260912298564	0.1111111111111111	-0.052624924729219646
Asia | Urban | Upper to Post Secondary	0.20016718106995887	0.1845546969137603	0.25	0.2777777777777778	1.5025290427994118	1.434972583653451	-0.015612484156198564	0.02777777777777779	-0.06755645914596076
Europe | Rural | Lower Secondary	0.21089766714766714	0.188159261201891	0.3055555555555556	0.3333333333333333	1.5119455151690389	1.4526006672194933	-0.02273840594577614	0.027777777777777735	-0.05934484794954553
Europe | Urban | Tertiary	0.21717862041936117	0.20180018821561582	0.3055555555555556	0.3888888888888889	1.489639579325659	1.4243478810836852	-0.015378432203745351	0.08333333333333331	-0.06529169824197378
North America | Urban | Tertiary	0.2137707695163836	0.1941367877128251	0.3611111111111111	0.4166666666666667	1.4926921895013525	1.4275322953244682	-0.019633981803558492	0.05555555555555558	-0.06515989417688428
South America | Urban | Lower Secondary	0.2568689540911764	0.2407140160547549	0.2777777777777778	0.2777777777777778	1.5150111001359692	1.455846761641291	-0.016154938036421485	0.0	-0.05916433849467828
