{
  "judge_summary": {
    "total_rows": 1080,
    "successful_rows": 1080,
    "failed_rows": 0,
    "rule_pass_rate": 1.0,
    "mean_rule_score": 1.0,
    "mean_rationale_word_count": 9.578703703703704,
    "llm_judge_rows": 0,
    "mean_llm_consistency_score": null,
    "mean_llm_naturalness_score": null,
    "llm_judge_error_rows": 0,
    "repair_success_rows": 0,
    "structured_output_success_rows": 1080,
    "recovery_success_rows": 0
  },
  "distribution_summary": {
    "mean_w1": 0.21545781893004112,
    "per_question_w1": {
      "Q1": 0.011111111111111108,
      "Q106": 0.2185185185185185,
      "Q107": 0.2185185185185185,
      "Q108": 0.2074074074074074,
      "Q112": 0.34814814814814815,
      "Q113": 0.18888888888888888,
      "Q114": 0.2,
      "Q121": 0.09999999999999998,
      "Q122": 0.4,
      "Q123": 0.4,
      "Q131": 0.16666666666666666,
      "Q132": 0.07777777777777777,
      "Q133": 0.15555555555555556,
      "Q158": 0.11111111111111112,
      "Q159": 0.26296296296296295,
      "Q160": 0.1777777777777778,
      "Q164": 0.22222222222222224,
      "Q165": 0.06666666666666665,
      "Q166": 0.2666666666666667,
      "Q176": 0.18888888888888886,
      "Q177": 0.2518518518518518,
      "Q178": 0.26296296296296295,
      "Q199": 0.2777777777777778,
      "Q2": 0.18888888888888888,
      "Q200": 0.41666666666666663,
      "Q201": 0.42499999999999993,
      "Q235": 0.16666666666666666,
      "Q236": 0.2222222222222222,
      "Q237": 0.2666666666666667,
      "Q3": 0.1777777777777778,
      "Q46": 0.3111111111111111,
      "Q47": 0.30000000000000004,
      "Q48": 0.1333333333333333,
      "Q57": 0.033333333333333326,
      "Q58": 0.04444444444444443,
      "Q59": 0.28888888888888886
    },
    "per_group_w1": {
      "Africa | Rural | Primary or No Education": 0.2878086419753087,
      "Asia | Urban | Upper to Post Secondary": 0.2854938271604939,
      "Europe | Rural | Lower Secondary": 0.31219135802469133,
      "Europe | Urban | Tertiary": 0.3084876543209877,
      "North America | Urban | Tertiary": 0.28580246913580243,
      "South America | Urban | Lower Secondary": 0.30061728395061726
    },
    "valid_rows": 1080,
    "top_option_hit_rate": 0.3148148148148148,
    "mean_variance_ratio": 0.0,
    "self_correlation_distance": 0.25478496518761107
  }
}