{
  "mean_w1": 0.1833590534979424,
  "per_question_w1": {
    "Q1": 0.4444444444444444,
    "Q106": 0.14444444444444446,
    "Q107": 0.10370370370370373,
    "Q108": 0.0888888888888889,
    "Q112": 0.14814814814814814,
    "Q113": 0.3333333333333333,
    "Q114": 0.21111111111111108,
    "Q121": 0.10833333333333331,
    "Q122": 0.14999999999999997,
    "Q123": 0.26666666666666666,
    "Q131": 0.1333333333333334,
    "Q132": 0.16666666666666669,
    "Q133": 0.22222222222222227,
    "Q158": 0.1703703703703704,
    "Q159": 0.0851851851851852,
    "Q160": 0.16296296296296298,
    "Q164": 0.1851851851851852,
    "Q165": 0.13333333333333341,
    "Q166": 0.09999999999999998,
    "Q176": 0.3407407407407407,
    "Q177": 0.05925925925925924,
    "Q178": 0.32222222222222224,
    "Q199": 0.1777777777777778,
    "Q2": 0.10000000000000003,
    "Q200": 0.11666666666666671,
    "Q201": 0.2583333333333333,
    "Q235": 0.16666666666666669,
    "Q236": 0.16666666666666669,
    "Q237": 0.28888888888888886,
    "Q3": 0.2,
    "Q46": 0.17777777777777778,
    "Q47": 0.20833333333333337,
    "Q48": 0.04814814814814816,
    "Q57": 0.4333333333333333,
    "Q58": 0.12222222222222223,
    "Q59": 0.05555555555555555
  },
  "top_option_hit_rate": 0.26851851851851855,
  "mean_score_delta": -0.22222222222222218,
  "human_unique_scores_per_cell": 2.763888888888889,
  "human_zero_variance_cell_rate": 0.08796296296296297,
  "human_mean_cell_entropy": 0.8634970602495934,
  "model_unique_scores_per_cell": 3.0277777777777777,
  "model_zero_variance_cell_rate": 0.018518518518518517,
  "model_mean_cell_entropy": 0.9775161658803403,
  "mean_declared_option_entropy": 1.4653068965895488,
  "inter_group_std_ratio": 1.5255609031010124
}