{
  "mean_w1": 0.20339506172839505,
  "per_question_w1": {
    "Q1": 0.49999999999999994,
    "Q106": 0.06296296296296297,
    "Q107": 0.19629629629629625,
    "Q108": 0.06296296296296297,
    "Q112": 0.2185185185185185,
    "Q113": 0.09999999999999999,
    "Q114": 0.06666666666666665,
    "Q121": 0.09166666666666665,
    "Q122": 0.2666666666666667,
    "Q123": 0.43333333333333335,
    "Q131": 0.07777777777777778,
    "Q132": 0.35555555555555557,
    "Q133": 0.30000000000000004,
    "Q158": 0.10370370370370371,
    "Q159": 0.033333333333333354,
    "Q160": 0.1333333333333333,
    "Q164": 0.12962962962962965,
    "Q165": 0.33333333333333337,
    "Q166": 0.1333333333333333,
    "Q176": 0.20370370370370372,
    "Q177": 0.3666666666666667,
    "Q178": 0.4592592592592592,
    "Q199": 0.13333333333333336,
    "Q2": 0.15555555555555553,
    "Q200": 0.16666666666666669,
    "Q201": 0.16666666666666669,
    "Q235": 0.10000000000000002,
    "Q236": 0.1111111111111111,
    "Q237": 0.3,
    "Q3": 0.2777777777777778,
    "Q46": 0.12222222222222223,
    "Q47": 0.20833333333333334,
    "Q48": 0.10740740740740742,
    "Q57": 0.3333333333333333,
    "Q58": 0.39999999999999997,
    "Q59": 0.11111111111111108
  },
  "top_option_hit_rate": 0.2777777777777778,
  "mean_score_delta": 0.1138888888888889,
  "human_unique_scores_per_cell": 2.763888888888889,
  "human_zero_variance_cell_rate": 0.08796296296296297,
  "human_mean_cell_entropy": 0.8634970602495934,
  "model_unique_scores_per_cell": 3.0462962962962963,
  "model_zero_variance_cell_rate": 0.023148148148148147,
  "model_mean_cell_entropy": 0.9903383198392943,
  "mean_declared_option_entropy": 1.5132486019715632,
  "inter_group_std_ratio": 1.3668311655381593
}