{
  "mean_w1": 0.19156378600823046,
  "per_question_w1": {
    "Q1": 0.3222222222222222,
    "Q106": 0.044444444444444446,
    "Q107": 0.15185185185185182,
    "Q108": 0.11481481481481483,
    "Q112": 0.3370370370370371,
    "Q113": 0.08888888888888888,
    "Q114": 0.15555555555555556,
    "Q121": 0.275,
    "Q122": 0.23333333333333336,
    "Q123": 0.19999999999999996,
    "Q131": 0.09999999999999999,
    "Q132": 0.30000000000000004,
    "Q133": 0.24444444444444446,
    "Q158": 0.0851851851851852,
    "Q159": 0.037037037037037035,
    "Q160": 0.2111111111111111,
    "Q164": 0.18148148148148147,
    "Q165": 0.33333333333333337,
    "Q166": 0.09999999999999998,
    "Q176": 0.2111111111111111,
    "Q177": 0.4111111111111111,
    "Q178": 0.3962962962962963,
    "Q199": 0.15555555555555556,
    "Q2": 0.0777777777777778,
    "Q200": 0.2,
    "Q201": 0.14166666666666666,
    "Q235": 0.0888888888888889,
    "Q236": 0.055555555555555546,
    "Q237": 0.18888888888888894,
    "Q3": 0.2111111111111111,
    "Q46": 0.18888888888888888,
    "Q47": 0.11666666666666667,
    "Q48": 0.15925925925925927,
    "Q57": 0.23333333333333334,
    "Q58": 0.39999999999999997,
    "Q59": 0.14444444444444443
  },
  "top_option_hit_rate": 0.27314814814814814,
  "mean_score_delta": 0.04722222222222227,
  "human_unique_scores_per_cell": 2.763888888888889,
  "human_zero_variance_cell_rate": 0.08796296296296297,
  "human_mean_cell_entropy": 0.8634970602495934,
  "model_unique_scores_per_cell": 3.1435185185185186,
  "model_zero_variance_cell_rate": 0.009259259259259259,
  "model_mean_cell_entropy": 1.030177617615614,
  "mean_declared_option_entropy": 1.525992234960586,
  "inter_group_std_ratio": 1.2661429683464187
}