{
  "mean_w1": 0.25200617283950616,
  "per_question_w1": {
    "Q1": 0.3111111111111111,
    "Q107": 0.11851851851851852,
    "Q112": 0.1703703703703704,
    "Q123": 0.35,
    "Q132": 0.4666666666666667,
    "Q158": 0.21111111111111114,
    "Q165": 0.3666666666666667,
    "Q178": 0.4185185185185185,
    "Q201": 0.26666666666666666,
    "Q236": 0.1111111111111111,
    "Q237": 0.16666666666666669,
    "Q57": 0.06666666666666665
  },
  "top_option_hit_rate": 0.3055555555555556,
  "mean_score_delta": -0.08611111111111115,
  "human_unique_scores_per_cell": 2.638888888888889,
  "human_zero_variance_cell_rate": 0.16666666666666666,
  "human_mean_cell_entropy": 0.7989510019045728,
  "model_unique_scores_per_cell": 2.9305555555555554,
  "model_zero_variance_cell_rate": 0.041666666666666664,
  "model_mean_cell_entropy": 0.9389519582518875,
  "mean_declared_option_entropy": 1.4635371381734867,
  "inter_group_std_ratio": 1.2928484057320018
}