{
  "no_demo": {
    "judge_summary": {
      "total_rows": 1080,
      "successful_rows": 1080,
      "failed_rows": 0,
      "rule_pass_rate": 1.0,
      "mean_rule_score": 1.0,
      "mean_rationale_word_count": 7.277777777777778,
      "llm_judge_rows": 0,
      "mean_llm_consistency_score": null,
      "mean_llm_naturalness_score": null,
      "llm_judge_error_rows": 0,
      "repair_success_rows": 0,
      "structured_output_success_rows": 1080,
      "recovery_success_rows": 0
    },
    "distribution_summary": {
      "mean_w1": 0.32734053497942395,
      "per_question_w1": {
        "Q1": 0.011111111111111108,
        "Q106": 0.27037037037037037,
        "Q107": 0.34814814814814815,
        "Q108": 0.30740740740740735,
        "Q112": 0.3037037037037037,
        "Q113": 0.18888888888888888,
        "Q114": 0.2111111111111111,
        "Q121": 0.24166666666666664,
        "Q122": 0.4,
        "Q123": 0.3833333333333333,
        "Q131": 0.3555555555555555,
        "Q132": 0.2777777777777778,
        "Q133": 0.22222222222222224,
        "Q158": 0.22592592592592595,
        "Q159": 0.23703703703703705,
        "Q160": 0.3481481481481481,
        "Q164": 0.3592592592592593,
        "Q165": 0.7666666666666667,
        "Q166": 0.7333333333333333,
        "Q176": 0.29259259259259257,
        "Q177": 0.23333333333333334,
        "Q178": 0.3296296296296296,
        "Q199": 0.26666666666666666,
        "Q2": 0.25555555555555554,
        "Q200": 0.5666666666666667,
        "Q201": 0.475,
        "Q235": 0.2777777777777778,
        "Q236": 0.25555555555555554,
        "Q237": 0.34444444444444444,
        "Q3": 0.43333333333333335,
        "Q46": 0.3111111111111111,
        "Q47": 0.29166666666666663,
        "Q48": 0.2037037037037037,
        "Q57": 0.7333333333333334,
        "Q58": 0.033333333333333326,
        "Q59": 0.28888888888888886
      },
      "per_group_w1": {
        "Africa | Rural | Primary or No Education": 0.3296296296296296,
        "Asia | Urban | Upper to Post Secondary": 0.3138888888888889,
        "Europe | Rural | Lower Secondary": 0.3169753086419753,
        "Europe | Urban | Tertiary": 0.3060185185185185,
        "North America | Urban | Tertiary": 0.32839506172839505,
        "South America | Rural | Upper to Post Secondary": 0.3691358024691358
      },
      "valid_rows": 1080,
      "top_option_hit_rate": 0.24537037037037038,
      "mean_variance_ratio": 0.0,
      "self_correlation_distance": null
    }
  },
  "mode_comparison": {
    "ranked_by_mean_w1": [
      {
        "mode": "no_demo",
        "mean_w1": 0.32734053497942395,
        "top_option_hit_rate": 0.24537037037037038,
        "mean_variance_ratio": 0.0,
        "self_correlation_distance": null,
        "valid_rows": 1080,
        "failed_rows": 0
      }
    ],
    "has_distribution_metrics": true,
    "note": "Lower mean_w1 and self_correlation_distance are better. Higher top_option_hit_rate is better. Variance ratio closer to 1 is better."
  }
}