{
  "mean_w1": 0.24050925925925926,
  "per_question_w1": {
    "Q1": 0.2444444444444444,
    "Q107": 0.12592592592592594,
    "Q112": 0.10740740740740741,
    "Q123": 0.33333333333333326,
    "Q132": 0.4444444444444445,
    "Q158": 0.2518518518518519,
    "Q165": 0.10000000000000009,
    "Q178": 0.4148148148148148,
    "Q201": 0.3416666666666667,
    "Q236": 0.04444444444444444,
    "Q237": 0.24444444444444446,
    "Q57": 0.23333333333333334
  },
  "top_option_hit_rate": 0.2361111111111111,
  "mean_score_delta": -0.3499999999999999,
  "human_unique_scores_per_cell": 2.638888888888889,
  "human_zero_variance_cell_rate": 0.16666666666666666,
  "human_mean_cell_entropy": 0.7989510019045728,
  "model_unique_scores_per_cell": 2.9305555555555554,
  "model_zero_variance_cell_rate": 0.027777777777777776,
  "model_mean_cell_entropy": 0.9291205376857863,
  "mean_declared_option_entropy": 1.4350853600035278,
  "inter_group_std_ratio": 1.5056522522652525
}