{
  "interview_state_guided": {
    "judge_summary": {
      "total_rows": 1080,
      "successful_rows": 1080,
      "failed_rows": 0,
      "rule_pass_rate": 0.8462962962962963,
      "mean_rule_score": 0.9692592592592593,
      "mean_rationale_word_count": 20.187962962962963,
      "llm_judge_rows": 0,
      "mean_llm_consistency_score": null,
      "mean_llm_naturalness_score": null,
      "llm_judge_error_rows": 0,
      "repair_success_rows": 0,
      "structured_output_success_rows": 1080,
      "recovery_success_rows": 0
    },
    "distribution_summary": {
      "mean_w1": 0.27960390946502056,
      "per_question_w1": {
        "Q1": 0.6555555555555556,
        "Q106": 0.24444444444444446,
        "Q107": 0.2185185185185185,
        "Q108": 0.28888888888888886,
        "Q112": 0.20370370370370372,
        "Q113": 0.3222222222222223,
        "Q114": 0.23333333333333336,
        "Q121": 0.09999999999999998,
        "Q122": 0.31666666666666665,
        "Q123": 0.31666666666666665,
        "Q131": 0.2,
        "Q132": 0.43333333333333335,
        "Q133": 0.4222222222222223,
        "Q158": 0.1703703703703704,
        "Q159": 0.21481481481481482,
        "Q160": 0.30740740740740746,
        "Q164": 0.39999999999999997,
        "Q165": 0.23333333333333328,
        "Q166": 0.2666666666666667,
        "Q176": 0.24814814814814812,
        "Q177": 0.3777777777777778,
        "Q178": 0.4148148148148148,
        "Q199": 0.3,
        "Q2": 0.3777777777777778,
        "Q200": 0.21666666666666667,
        "Q201": 0.4083333333333333,
        "Q235": 0.2888888888888889,
        "Q236": 0.26666666666666666,
        "Q237": 0.2777777777777778,
        "Q3": 0.23333333333333334,
        "Q46": 0.1333333333333333,
        "Q47": 0.30000000000000004,
        "Q48": 0.20740740740740737,
        "Q57": 0.13333333333333333,
        "Q58": 0.1777777777777778,
        "Q59": 0.15555555555555553
      },
      "per_group_w1": {
        "Africa | Rural | Primary or No Education": 0.29490740740740745,
        "Asia | Urban | Upper to Post Secondary": 0.30154320987654315,
        "Europe | Rural | Lower Secondary": 0.31527777777777777,
        "Europe | Urban | Tertiary": 0.3282407407407407,
        "North America | Urban | Tertiary": 0.317283950617284,
        "South America | Urban | Lower Secondary": 0.30925925925925923
      },
      "valid_rows": 1080,
      "top_option_hit_rate": 0.2962962962962963,
      "mean_variance_ratio": 0.00038573947203388823,
      "self_correlation_distance": 0.16666666666666666
    }
  },
  "mode_comparison": {
    "ranked_by_mean_w1": [
      {
        "mode": "interview_state_guided",
        "mean_w1": 0.27960390946502056,
        "top_option_hit_rate": 0.2962962962962963,
        "mean_variance_ratio": 0.00038573947203388823,
        "self_correlation_distance": 0.16666666666666666,
        "valid_rows": 1080,
        "failed_rows": 0
      }
    ],
    "has_distribution_metrics": true,
    "note": "Lower mean_w1 and self_correlation_distance are better. Higher top_option_hit_rate is better. Variance ratio closer to 1 is better."
  }
}