GROUP_KEY	Continent	Urban_Rural	Education	rows	baseline_mean_w1	corrected_mean_w1	baseline_top_hit_rate	corrected_top_hit_rate	delta_mean_w1	delta_top_hit_rate
Africa | Rural | Primary or No Education	Africa	Rural	Primary or No Education	24	0.27352979107364106	0.24495094736608294	0.4166666666666667	0.4583333333333333	-0.028578843707558116	0.04166666666666663
Asia | Urban | Upper to Post Secondary	Asia	Urban	Upper to Post Secondary	24	0.14875665684316933	0.17283550147997037	0.4583333333333333	0.4166666666666667	0.024078844636801044	-0.04166666666666663
Europe | Rural | Lower Secondary	Europe	Rural	Lower Secondary	24	0.19417003696286672	0.18165817794254221	0.375	0.3333333333333333	-0.012511859020324506	-0.041666666666666685
Europe | Urban | Tertiary	Europe	Urban	Tertiary	24	0.20703018932502162	0.20061133290010083	0.3333333333333333	0.4583333333333333	-0.0064188564249207936	0.125
North America | Urban | Tertiary	North America	Urban	Tertiary	24	0.16418038397007997	0.16808989981472364	0.5	0.5	0.003909515844643663	0.0
South America | Urban | Lower Secondary	South America	Urban	Lower Secondary	24	0.24710288510790257	0.2517430752633825	0.2916666666666667	0.3333333333333333	0.004640190155479951	0.04166666666666663
