GROUP_KEY	Continent	Urban_Rural	Education	rows	baseline_mean_w1	corrected_mean_w1	baseline_top_hit_rate	corrected_top_hit_rate	delta_mean_w1	delta_top_hit_rate
Africa | Rural | Primary or No Education	Africa	Rural	Primary or No Education	24	0.27352979107364106	0.24013576077350182	0.4166666666666667	0.4166666666666667	-0.03339403030013924	0.0
Asia | Urban | Upper to Post Secondary	Asia	Urban	Upper to Post Secondary	24	0.14875665684316933	0.15232853307325417	0.4583333333333333	0.375	0.0035718762300848417	-0.08333333333333331
Europe | Rural | Lower Secondary	Europe	Rural	Lower Secondary	24	0.19417003696286672	0.18061179908435657	0.375	0.3333333333333333	-0.013558237878510154	-0.041666666666666685
Europe | Urban | Tertiary	Europe	Urban	Tertiary	24	0.20703018932502162	0.18503989224546316	0.3333333333333333	0.3333333333333333	-0.021990297079558463	0.0
North America | Urban | Tertiary	North America	Urban	Tertiary	24	0.16418038397007997	0.15643430918064383	0.5	0.4583333333333333	-0.007746074789436147	-0.041666666666666685
South America | Urban | Lower Secondary	South America	Urban	Lower Secondary	24	0.24710288510790257	0.22681103838746416	0.2916666666666667	0.375	-0.020291846720438406	0.08333333333333331
