{
  "mean_w1": 0.1987654320987654,
  "per_question_w1": {
    "Q1": 0.2444444444444444,
    "Q106": 0.31851851851851853,
    "Q107": 0.15555555555555556,
    "Q108": 0.1740740740740741,
    "Q112": 0.10740740740740741,
    "Q113": 0.09999999999999998,
    "Q114": 0.03333333333333334,
    "Q121": 0.225,
    "Q122": 0.25,
    "Q123": 0.33333333333333326,
    "Q131": 0.13333333333333333,
    "Q132": 0.4444444444444445,
    "Q133": 0.32222222222222224,
    "Q158": 0.24074074074074076,
    "Q159": 0.25555555555555554,
    "Q160": 0.0851851851851852,
    "Q164": 0.15185185185185188,
    "Q165": 0.10000000000000009,
    "Q166": 0.06666666666666676,
    "Q176": 0.22962962962962963,
    "Q177": 0.3666666666666667,
    "Q178": 0.4148148148148148,
    "Q199": 0.26666666666666666,
    "Q2": 0.1,
    "Q200": 0.2833333333333334,
    "Q201": 0.3416666666666667,
    "Q235": 0.21111111111111114,
    "Q236": 0.04444444444444444,
    "Q237": 0.24444444444444446,
    "Q3": 0.06666666666666667,
    "Q46": 0.14444444444444446,
    "Q47": 0.13333333333333333,
    "Q48": 0.1,
    "Q57": 0.23333333333333334,
    "Q58": 0.18888888888888888,
    "Q59": 0.04444444444444444
  },
  "top_option_hit_rate": 0.2638888888888889,
  "mean_score_delta": -0.4305555555555556,
  "human_unique_scores_per_cell": 2.763888888888889,
  "human_zero_variance_cell_rate": 0.08796296296296297,
  "human_mean_cell_entropy": 0.8634970602495934,
  "model_unique_scores_per_cell": 2.9953703703703702,
  "model_zero_variance_cell_rate": 0.032407407407407406,
  "model_mean_cell_entropy": 0.9628895913867889,
  "mean_declared_option_entropy": 1.4825150279980288,
  "inter_group_std_ratio": 1.6063040503290373
}