GROUP_KEY	baseline_mean_w1	corrected_mean_w1	baseline_top_hit_rate	corrected_top_hit_rate	baseline_entropy	corrected_entropy	delta_mean_w1	delta_top_hit_rate	delta_entropy
Africa | Rural | Primary or No Education	0.2622119262991306	0.23589003096291872	0.4166666666666667	0.4444444444444444	1.4232969554662227	1.3155725469959996	-0.026321895336211876	0.027777777777777735	-0.10772440847022313
Asia | Urban | Upper to Post Secondary	0.18414698098815274	0.17291831688195927	0.3888888888888889	0.4166666666666667	1.4742704805387532	1.3911323769273385	-0.01122866410619347	0.02777777777777779	-0.08313810361141472
Europe | Rural | Lower Secondary	0.20001972416276428	0.18629605434399932	0.3055555555555556	0.3611111111111111	1.4770795298589274	1.4027214570962967	-0.013723669818764966	0.055555555555555525	-0.07435807276263073
Europe | Urban | Tertiary	0.22328721146534114	0.2129059130586583	0.2777777777777778	0.3611111111111111	1.4776891916945436	1.403417282303083	-0.010381298406682837	0.08333333333333331	-0.07427190939146056
North America | Urban | Tertiary	0.18655319869220877	0.17106070002091367	0.5	0.5555555555555556	1.474451724344747	1.3966154594141602	-0.015492498671295096	0.05555555555555558	-0.07783626493058682
South America | Urban | Lower Secondary	0.25587991711937325	0.2421005917610501	0.2777777777777778	0.2777777777777778	1.493407969842372	1.4169494950062225	-0.013779325358323158	0.0	-0.07645847483614943
