GROUP_KEY	Continent	Urban_Rural	Education	rows	baseline_mean_w1	corrected_mean_w1	baseline_top_hit_rate	corrected_top_hit_rate	delta_mean_w1	delta_top_hit_rate
Africa | Rural | Primary or No Education	Africa	Rural	Primary or No Education	12	0.1583226495726496	0.1587341840360804	0.5	0.5	0.0004115344634307849	0.0
Asia | Urban | Upper to Post Secondary	Asia	Urban	Upper to Post Secondary	12	0.16476080246913585	0.1684760643399008	0.3333333333333333	0.3333333333333333	0.0037152618707649576	0.0
Europe | Rural | Lower Secondary	Europe	Rural	Lower Secondary	12	0.17282189775245335	0.17517710973029824	0.5	0.4166666666666667	0.0023552119778448843	-0.08333333333333331
Europe | Urban | Tertiary	Europe	Urban	Tertiary	12	0.1814814814814815	0.180125918292386	0.5833333333333334	0.75	-0.0013555631890954933	0.16666666666666663
North America | Urban | Tertiary	North America	Urban	Tertiary	12	0.18622685185185187	0.17287823393386878	0.5833333333333334	0.5833333333333334	-0.013348617917983086	0.0
South America | Urban | Lower Secondary	South America	Urban	Lower Secondary	12	0.21270682038247402	0.20486901188698992	0.4166666666666667	0.4166666666666667	-0.0078378084954841	0.0
