{
  "mean_w1": 0.2460648148148148,
  "per_question_w1": {
    "Q1": 0.4444444444444444,
    "Q107": 0.10000000000000002,
    "Q112": 0.1777777777777778,
    "Q123": 0.31666666666666665,
    "Q132": 0.16666666666666669,
    "Q158": 0.1703703703703704,
    "Q165": 0.13333333333333341,
    "Q178": 0.35185185185185186,
    "Q201": 0.2583333333333333,
    "Q236": 0.16666666666666669,
    "Q237": 0.23333333333333336,
    "Q57": 0.4333333333333333
  },
  "top_option_hit_rate": 0.20833333333333334,
  "mean_score_delta": -0.11111111111111115,
  "human_unique_scores_per_cell": 2.638888888888889,
  "human_zero_variance_cell_rate": 0.16666666666666666,
  "human_mean_cell_entropy": 0.7989510019045728,
  "model_unique_scores_per_cell": 3.0,
  "model_zero_variance_cell_rate": 0.027777777777777776,
  "model_mean_cell_entropy": 0.9579640284497329,
  "mean_declared_option_entropy": 1.4053608386516574,
  "inter_group_std_ratio": 1.717250946426527
}