GROUP_KEY	Continent	Urban_Rural	Education	rows	baseline_mean_w1	corrected_mean_w1	baseline_top_hit_rate	corrected_top_hit_rate	delta_mean_w1	delta_top_hit_rate
Africa | Rural | Primary or No Education	Africa	Rural	Primary or No Education	24	0.23822456252121535	0.2634396919387139	0.2916666666666667	0.375	0.025215129417498566	0.08333333333333331
Asia | Urban | Upper to Post Secondary	Asia	Urban	Upper to Post Secondary	24	0.2031235023196074	0.20442567325993696	0.2916666666666667	0.2916666666666667	0.0013021709403295556	0.0
Europe | Rural | Lower Secondary	Europe	Rural	Lower Secondary	24	0.1761947644130665	0.217417229238532	0.16666666666666666	0.2916666666666667	0.04122246482546549	0.12500000000000003
Europe | Urban | Tertiary	Europe	Urban	Tertiary	24	0.20774216127210474	0.21878636902213097	0.20833333333333334	0.2916666666666667	0.011044207750026236	0.08333333333333334
North America | Urban | Tertiary	North America	Urban	Tertiary	24	0.23692593081452254	0.2244367627161864	0.2916666666666667	0.4166666666666667	-0.01248916809833614	0.125
South America | Urban | Lower Secondary	South America	Urban	Lower Secondary	24	0.20900146096961594	0.2617813072095164	0.3333333333333333	0.2916666666666667	0.05277984623990048	-0.04166666666666663
