{
  "mean_w1": 0.1716820987654321,
  "per_question_w1": {
    "Q1": 0.4,
    "Q106": 0.09629629629629631,
    "Q107": 0.12962962962962962,
    "Q108": 0.07407407407407407,
    "Q112": 0.262962962962963,
    "Q113": 0.06666666666666668,
    "Q114": 0.05555555555555555,
    "Q121": 0.09166666666666666,
    "Q122": 0.2666666666666667,
    "Q123": 0.3666666666666667,
    "Q131": 0.09999999999999999,
    "Q132": 0.35555555555555557,
    "Q133": 0.20000000000000004,
    "Q158": 0.11481481481481484,
    "Q159": 0.0962962962962963,
    "Q160": 0.09259259259259262,
    "Q164": 0.16296296296296298,
    "Q165": 0.13333333333333341,
    "Q166": 0.0,
    "Q176": 0.10740740740740741,
    "Q177": 0.2814814814814815,
    "Q178": 0.39629629629629626,
    "Q199": 0.1555555555555556,
    "Q2": 0.22222222222222218,
    "Q200": 0.2666666666666667,
    "Q201": 0.2666666666666667,
    "Q235": 0.15555555555555556,
    "Q236": 0.044444444444444446,
    "Q237": 0.1888888888888889,
    "Q3": 0.16666666666666666,
    "Q46": 0.12222222222222223,
    "Q47": 0.16666666666666666,
    "Q48": 0.05185185185185187,
    "Q57": 0.3,
    "Q58": 0.16666666666666666,
    "Q59": 0.05555555555555554
  },
  "top_option_hit_rate": 0.2824074074074074,
  "mean_score_delta": -0.050925925925925916,
  "human_unique_scores_per_cell": 2.763888888888889,
  "human_zero_variance_cell_rate": 0.08796296296296297,
  "human_mean_cell_entropy": 0.8634970602495934,
  "model_unique_scores_per_cell": 3.0462962962962963,
  "model_zero_variance_cell_rate": 0.027777777777777776,
  "model_mean_cell_entropy": 0.9867631305688738,
  "mean_declared_option_entropy": 1.4920590404820222,
  "inter_group_std_ratio": 1.5598163620548815
}