{
  "original": {
    "mean_w1": 0.20949074074074076,
    "per_question_w1": {
      "Q1": 0.37777777777777777,
      "Q107": 0.11481481481481483,
      "Q123": 0.25,
      "Q132": 0.2,
      "Q178": 0.26666666666666666,
      "Q236": 0.033333333333333326,
      "Q237": 0.16666666666666669,
      "Q57": 0.26666666666666666
    },
    "top_option_hit_rate": 0.25,
    "mean_score_delta": 0.06666666666666662,
    "human_unique_scores_per_cell": 2.5625,
    "human_zero_variance_cell_rate": 0.14583333333333334,
    "human_mean_cell_entropy": 0.7773708357348497,
    "model_unique_scores_per_cell": 3.0208333333333335,
    "model_zero_variance_cell_rate": 0.0,
    "model_mean_cell_entropy": 0.974478596378749,
    "mean_declared_option_entropy": 1.3635560606749262,
    "inter_group_std_ratio": 1.7891673265189643
  },
  "paraphrase_light": {
    "mean_w1": 0.20045498084291188,
    "per_question_w1": {
      "Q1": 0.27586206896551724,
      "Q107": 0.0888888888888889,
      "Q123": 0.2833333333333333,
      "Q132": 0.2,
      "Q178": 0.33333333333333337,
      "Q236": 0.06666666666666665,
      "Q237": 0.08888888888888888,
      "Q57": 0.26666666666666666
    },
    "top_option_hit_rate": 0.3125,
    "mean_score_delta": 0.14928160919540234,
    "human_unique_scores_per_cell": 2.5625,
    "human_zero_variance_cell_rate": 0.14583333333333334,
    "human_mean_cell_entropy": 0.7773708357348497,
    "model_unique_scores_per_cell": 2.8125,
    "model_zero_variance_cell_rate": 0.020833333333333332,
    "model_mean_cell_entropy": 0.9031147448017002,
    "mean_declared_option_entropy": 1.3404375105309112,
    "inter_group_std_ratio": 1.4492594683836675
  },
  "reverse_anchor_order": {
    "mean_w1": 0.22037037037037038,
    "per_question_w1": {
      "Q1": 0.2777777777777778,
      "Q107": 0.048148148148148155,
      "Q123": 0.19999999999999996,
      "Q132": 0.21111111111111114,
      "Q178": 0.2925925925925926,
      "Q236": 0.09999999999999999,
      "Q237": 0.26666666666666666,
      "Q57": 0.36666666666666664
    },
    "top_option_hit_rate": 0.3541666666666667,
    "mean_score_delta": 0.10833333333333336,
    "human_unique_scores_per_cell": 2.5625,
    "human_zero_variance_cell_rate": 0.14583333333333334,
    "human_mean_cell_entropy": 0.7773708357348497,
    "model_unique_scores_per_cell": 3.0,
    "model_zero_variance_cell_rate": 0.020833333333333332,
    "model_mean_cell_entropy": 0.9785505747891121,
    "mean_declared_option_entropy": 1.3613329330440476,
    "inter_group_std_ratio": 1.5086720628912866
  }
}