{
  "mean_w1": 0.24660493827160493,
  "per_question_w1": {
    "Q1": 0.4,
    "Q107": 0.12962962962962962,
    "Q112": 0.262962962962963,
    "Q123": 0.3666666666666667,
    "Q132": 0.35555555555555557,
    "Q158": 0.11481481481481484,
    "Q165": 0.13333333333333341,
    "Q178": 0.39629629629629626,
    "Q201": 0.2666666666666667,
    "Q236": 0.044444444444444446,
    "Q237": 0.1888888888888889,
    "Q57": 0.3
  },
  "top_option_hit_rate": 0.2361111111111111,
  "mean_score_delta": -0.07777777777777774,
  "human_unique_scores_per_cell": 2.638888888888889,
  "human_zero_variance_cell_rate": 0.16666666666666666,
  "human_mean_cell_entropy": 0.7989510019045728,
  "model_unique_scores_per_cell": 3.0555555555555554,
  "model_zero_variance_cell_rate": 0.013888888888888888,
  "model_mean_cell_entropy": 0.9886038351756794,
  "mean_declared_option_entropy": 1.4591468457699641,
  "inter_group_std_ratio": 1.4744632628412158
}