GROUP_KEY	Continent	Urban_Rural	Education	rows	baseline_mean_w1	corrected_mean_w1	baseline_top_hit_rate	corrected_top_hit_rate	delta_mean_w1	delta_top_hit_rate
Africa | Rural | Primary or No Education	Africa	Rural	Primary or No Education	24	0.23822456252121535	0.22408641927904963	0.2916666666666667	0.3333333333333333	-0.014138143242165724	0.04166666666666663
Asia | Urban | Upper to Post Secondary	Asia	Urban	Upper to Post Secondary	24	0.2031235023196074	0.1849394080628619	0.2916666666666667	0.4166666666666667	-0.018184094256745498	0.125
Europe | Rural | Lower Secondary	Europe	Rural	Lower Secondary	24	0.1761947644130665	0.1835614056558812	0.16666666666666666	0.16666666666666666	0.007366641242814692	0.0
Europe | Urban | Tertiary	Europe	Urban	Tertiary	24	0.20774216127210474	0.1957780162545351	0.20833333333333334	0.2916666666666667	-0.01196414501756965	0.08333333333333334
North America | Urban | Tertiary	North America	Urban	Tertiary	24	0.23692593081452254	0.20851104820701516	0.2916666666666667	0.375	-0.02841488260750738	0.08333333333333331
South America | Urban | Lower Secondary	South America	Urban	Lower Secondary	24	0.20900146096961594	0.19769527800263298	0.3333333333333333	0.375	-0.011306182966982964	0.041666666666666685
